name,email
eduardo,eduardo@grangeiro.com.br
eduardo,eduardo@grangeiro.com.br
eduardo,eduardo@grangeiro.com.br
eduardo,eduardo@grangeiro.com.br
eduardo,eduardo@grangeiro.com.br
eduardo,eduardo@grangeiro.com.br
eduardo,eduardo@grangeiro.com.br
eduardo,eduardo@grangeiro.com.br
eduardo,eduardo@grangeiro.com.br
eduardo,eduardo@grangeiro.com.br
eduardo,eduardo@grangeiro.com.br
eduardo,eduardo@grangeiro.com.br
eduardo,eduardo@grangeiro.com.br
eduardo,eduardo@grangeiro.com.br
eduardo,eduardo@grangeiro.com.br
eduardo,eduardo@grangeiro.com.br
eduardo,eduardo@grangeiro.com.br
eduardo,eduardo@grangeiro.com.br
eduardo,eduardo@grangeiro.com.br
eduardo,eduardo@grangeiro.com.br
eduardo,eduardo@grangeiro.com.br
eduardo,eduardo@grangeiro.com.br
eduardo,eduardo@grangeiro.com.br
eduardo,eduardo@grangeiro.com.br
eduardo,eduardo@grangeiro.com.br
eduardo,eduardo@grangeiro.com.br
eduardo,eduardo@grangeiro.com.br
eduardo,eduardo@grangeiro.com.br
eduardo,eduardo@grangeiro.com.br
eduardo,eduardo@grangeiro.com.br
eduardo,eduardo@grangeiro.com.br
eduardo,eduardo@grangeiro.com.br
eduardo,eduardo@grangeiro.com.br
eduardo,eduardo@grangeiro.com.br
eduardo,eduardo@grangeiro.com.br
eduardo,eduardo@grangeiro.com.br
eduardo,eduardo@grangeiro.com.br
eduardo,eduardo@grangeiro.com.br
eduardo,eduardo@grangeiro.com.br
eduardo,eduardo@grangeiro.com.br
eduardo,eduardo@grangeiro.com.br
eduardo,eduardo@grangeiro.com.br
eduardo,eduardo@grangeiro.com.br
eduardo,eduardo@grangeiro.com.br
eduardo,eduardo@grangeiro.com.br
eduardo,eduardo@grangeiro.com.br
eduardo,eduardo@grangeiro.com.br
eduardo,eduardo@grangeiro.com.br
eduardo,eduardo@grangeiro.com.br
eduardo,eduardo@grangeiro.com.br
eduardo,eduardo@grangeiro.com.br
eduardo,eduardo@grangeiro.com.br
eduardo,eduardo@grangeiro.com.br
eduardo,eduardo@grangeiro.com.br
eduardo,eduardo@grangeiro.com.br
eduardo,eduardo@grangeiro.com.br
eduardo,eduardo@grangeiro.com.br
eduardo,eduardo@grangeiro.com.br
eduardo,eduardo@grangeiro.com.br
eduardo,eduardo@grangeiro.com.br
eduardo,eduardo@grangeiro.com.br
eduardo,eduardo@grangeiro.com.br
eduardo,eduardo@grangeiro.com.br
eduardo,eduardo@grangeiro.com.br
eduardo,eduardo@grangeiro.com.br
eduardo,eduardo@grangeiro.com.br
eduardo,eduardo@grangeiro.com.br
eduardo,eduardo@grangeiro.com.br
eduardo,eduardo@grangeiro.com.br
eduardo,eduardo@grangeiro.com.br
eduardo,eduardo@grangeiro.com.br
eduardo,eduardo@grangeiro.com.br
eduardo,eduardo@grangeiro.com.br
eduardo,eduardo@grangeiro.com.br
eduardo,eduardo@grangeiro.com.br
eduardo,eduardo@grangeiro.com.br
eduardo,eduardo@grangeiro.com.br
eduardo,eduardo@grangeiro.com.br
eduardo,eduardo@grangeiro.com.br
eduardo,eduardo@grangeiro.com.br
eduardo,eduardo@grangeiro.com.br
eduardo,eduardo@grangeiro.com.br
eduardo,eduardo@grangeiro.com.br
eduardo,eduardo@grangeiro.com.br
eduardo,eduardo@grangeiro.com.br
eduardo,eduardo@grangeiro.com.br
eduardo,eduardo@grangeiro.com.br
eduardo,eduardo@grangeiro.com.br
eduardo,eduardo@grangeiro.com.br
eduardo,eduardo@grangeiro.com.br
eduardo,eduardo@grangeiro.com.br
eduardo,eduardo@grangeiro.com.br
eduardo,eduardo@grangeiro.com.br
eduardo,eduardo@grangeiro.com.br
eduardo,eduardo@grangeiro.com.br
eduardo,eduardo@grangeiro.com.br
eduardo,eduardo@grangeiro.com.br
eduardo,eduardo@grangeiro.com.br
eduardo,eduardo@grangeiro.com.br
eduardo,eduardo@grangeiro.com.br
eduardo,eduardo@grangeiro.com.br
eduardo,eduardo@grangeiro.com.br
eduardo,eduardo@grangeiro.com.br
eduardo,eduardo@grangeiro.com.br
eduardo,eduardo@grangeiro.com.br
eduardo,eduardo@grangeiro.com.br
eduardo,eduardo@grangeiro.com.br
eduardo,eduardo@grangeiro.com.br
eduardo,eduardo@grangeiro.com.br
eduardo,eduardo@grangeiro.com.br
eduardo,eduardo@grangeiro.com.br
eduardo,eduardo@grangeiro.com.br
eduardo,eduardo@grangeiro.com.br
eduardo,eduardo@grangeiro.com.br
eduardo,eduardo@grangeiro.com.br
eduardo,eduardo@grangeiro.com.br
eduardo,eduardo@grangeiro.com.br
eduardo,eduardo@grangeiro.com.br
eduardo,eduardo@grangeiro.com.br
eduardo,eduardo@grangeiro.com.br
eduardo,eduardo@grangeiro.com.br
eduardo,eduardo@grangeiro.com.br
eduardo,eduardo@grangeiro.com.br
eduardo,eduardo@grangeiro.com.br
eduardo,eduardo@grangeiro.com.br
eduardo,eduardo@grangeiro.com.br
eduardo,eduardo@grangeiro.com.br
eduardo,eduardo@grangeiro.com.br
eduardo,eduardo@grangeiro.com.br
eduardo,eduardo@grangeiro.com.br
eduardo,eduardo@grangeiro.com.br
eduardo,eduardo@grangeiro.com.br
eduardo,eduardo@grangeiro.com.br
eduardo,eduardo@grangeiro.com.br
eduardo,eduardo@grangeiro.com.br
eduardo,eduardo@grangeiro.com.br
eduardo,eduardo@grangeiro.com.br
eduardo,eduardo@grangeiro.com.br
eduardo,eduardo@grangeiro.com.br
eduardo,eduardo@grangeiro.com.br
eduardo,eduardo@grangeiro.com.br
eduardo,eduardo@grangeiro.com.br
eduardo,eduardo@grangeiro.com.br
eduardo,eduardo@grangeiro.com.br
eduardo,eduardo@grangeiro.com.br
eduardo,eduardo@grangeiro.com.br
eduardo,eduardo@grangeiro.com.br
eduardo,eduardo@grangeiro.com.br
eduardo,eduardo@grangeiro.com.br
eduardo,eduardo@grangeiro.com.br
eduardo,eduardo@grangeiro.com.br
eduardo,eduardo@grangeiro.com.br
eduardo,eduardo@grangeiro.com.br
eduardo,eduardo@grangeiro.com.br
eduardo,eduardo@grangeiro.com.br
eduardo,eduardo@grangeiro.com.br
eduardo,eduardo@grangeiro.com.br
eduardo,eduardo@grangeiro.com.br
eduardo,eduardo@grangeiro.com.br
eduardo,eduardo@grangeiro.com.br
eduardo,eduardo@grangeiro.com.br
eduardo,eduardo@grangeiro.com.br
eduardo,eduardo@grangeiro.com.br
eduardo,eduardo@grangeiro.com.br
eduardo,eduardo@grangeiro.com.br
eduardo,eduardo@grangeiro.com.br
eduardo,eduardo@grangeiro.com.br
eduardo,eduardo@grangeiro.com.br
eduardo,eduardo@grangeiro.com.br
eduardo,eduardo@grangeiro.com.br
eduardo,eduardo@grangeiro.com.br
eduardo,eduardo@grangeiro.com.br
eduardo,eduardo@grangeiro.com.br
eduardo,eduardo@grangeiro.com.br
eduardo,eduardo@grangeiro.com.br
eduardo,eduardo@grangeiro.com.br
eduardo,eduardo@grangeiro.com.br
eduardo,eduardo@grangeiro.com.br
eduardo,eduardo@grangeiro.com.br
eduardo,eduardo@grangeiro.com.br
eduardo,eduardo@grangeiro.com.br
eduardo,eduardo@grangeiro.com.br
eduardo,eduardo@grangeiro.com.br
eduardo,eduardo@grangeiro.com.br
eduardo,eduardo@grangeiro.com.br
eduardo,eduardo@grangeiro.com.br
eduardo,eduardo@grangeiro.com.br
eduardo,eduardo@grangeiro.com.br
eduardo,eduardo@grangeiro.com.br
eduardo,eduardo@grangeiro.com.br
eduardo,eduardo@grangeiro.com.br
eduardo,eduardo@grangeiro.com.br
eduardo,eduardo@grangeiro.com.br
eduardo,eduardo@grangeiro.com.br
eduardo,eduardo@grangeiro.com.br
eduardo,eduardo@grangeiro.com.br
eduardo,eduardo@grangeiro.com.br
eduardo,eduardo@grangeiro.com.br
eduardo,eduardo@grangeiro.com.br
eduardo,eduardo@grangeiro.com.br
eduardo,eduardo@grangeiro.com.br
eduardo,eduardo@grangeiro.com.br
eduardo,eduardo@grangeiro.com.br
eduardo,eduardo@grangeiro.com.br
eduardo,eduardo@grangeiro.com.br
eduardo,eduardo@grangeiro.com.br
eduardo,eduardo@grangeiro.com.br
eduardo,eduardo@grangeiro.com.br
eduardo,eduardo@grangeiro.com.br
eduardo,eduardo@grangeiro.com.br
eduardo,eduardo@grangeiro.com.br
eduardo,eduardo@grangeiro.com.br
eduardo,eduardo@grangeiro.com.br
eduardo,eduardo@grangeiro.com.br
eduardo,eduardo@grangeiro.com.br
eduardo,eduardo@grangeiro.com.br
eduardo,eduardo@grangeiro.com.br
eduardo,eduardo@grangeiro.com.br
eduardo,eduardo@grangeiro.com.br
eduardo,eduardo@grangeiro.com.br
eduardo,eduardo@grangeiro.com.br
eduardo,eduardo@grangeiro.com.br
eduardo,eduardo@grangeiro.com.br
eduardo,eduardo@grangeiro.com.br
eduardo,eduardo@grangeiro.com.br
eduardo,eduardo@grangeiro.com.br
eduardo,eduardo@grangeiro.com.br
eduardo,eduardo@grangeiro.com.br
eduardo,eduardo@grangeiro.com.br
eduardo,eduardo@grangeiro.com.br
eduardo,eduardo@grangeiro.com.br
eduardo,eduardo@grangeiro.com.br
eduardo,eduardo@grangeiro.com.br
eduardo,eduardo@grangeiro.com.br
eduardo,eduardo@grangeiro.com.br
eduardo,eduardo@grangeiro.com.br
eduardo,eduardo@grangeiro.com.br
eduardo,eduardo@grangeiro.com.br
eduardo,eduardo@grangeiro.com.br
eduardo,eduardo@grangeiro.com.br
eduardo,eduardo@grangeiro.com.br
eduardo,eduardo@grangeiro.com.br
eduardo,eduardo@grangeiro.com.br
eduardo,eduardo@grangeiro.com.br
eduardo,eduardo@grangeiro.com.br
eduardo,eduardo@grangeiro.com.br
eduardo,eduardo@grangeiro.com.br
eduardo,eduardo@grangeiro.com.br
eduardo,eduardo@grangeiro.com.br
eduardo,eduardo@grangeiro.com.br
eduardo,eduardo@grangeiro.com.br
eduardo,eduardo@grangeiro.com.br
eduardo,eduardo@grangeiro.com.br
eduardo,eduardo@grangeiro.com.br
eduardo,eduardo@grangeiro.com.br
eduardo,eduardo@grangeiro.com.br
eduardo,eduardo@grangeiro.com.br
eduardo,eduardo@grangeiro.com.br
eduardo,eduardo@grangeiro.com.br
eduardo,eduardo@grangeiro.com.br
eduardo,eduardo@grangeiro.com.br
eduardo,eduardo@grangeiro.com.br
eduardo,eduardo@grangeiro.com.br
eduardo,eduardo@grangeiro.com.br
eduardo,eduardo@grangeiro.com.br
eduardo,eduardo@grangeiro.com.br
eduardo,eduardo@grangeiro.com.br
eduardo,eduardo@grangeiro.com.br
eduardo,eduardo@grangeiro.com.br
eduardo,eduardo@grangeiro.com.br
eduardo,eduardo@grangeiro.com.br
eduardo,eduardo@grangeiro.com.br
eduardo,eduardo@grangeiro.com.br
eduardo,eduardo@grangeiro.com.br
eduardo,eduardo@grangeiro.com.br
eduardo,eduardo@grangeiro.com.br
eduardo,eduardo@grangeiro.com.br
eduardo,eduardo@grangeiro.com.br
eduardo,eduardo@grangeiro.com.br
eduardo,eduardo@grangeiro.com.br
eduardo,eduardo@grangeiro.com.br
eduardo,eduardo@grangeiro.com.br
eduardo,eduardo@grangeiro.com.br
eduardo,eduardo@grangeiro.com.br
eduardo,eduardo@grangeiro.com.br
eduardo,eduardo@grangeiro.com.br
eduardo,eduardo@grangeiro.com.br
eduardo,eduardo@grangeiro.com.br
eduardo,eduardo@grangeiro.com.br
eduardo,eduardo@grangeiro.com.br
eduardo,eduardo@grangeiro.com.br
eduardo,eduardo@grangeiro.com.br
eduardo,eduardo@grangeiro.com.br
eduardo,eduardo@grangeiro.com.br
eduardo,eduardo@grangeiro.com.br
eduardo,eduardo@grangeiro.com.br
eduardo,eduardo@grangeiro.com.br
eduardo,eduardo@grangeiro.com.br
eduardo,eduardo@grangeiro.com.br
eduardo,eduardo@grangeiro.com.br
eduardo,eduardo@grangeiro.com.br
eduardo,eduardo@grangeiro.com.br
eduardo,eduardo@grangeiro.com.br
eduardo,eduardo@grangeiro.com.br
eduardo,eduardo@grangeiro.com.br
eduardo,eduardo@grangeiro.com.br
eduardo,eduardo@grangeiro.com.br
eduardo,eduardo@grangeiro.com.br
eduardo,eduardo@grangeiro.com.br
eduardo,eduardo@grangeiro.com.br
eduardo,eduardo@grangeiro.com.br
eduardo,eduardo@grangeiro.com.br
eduardo,eduardo@grangeiro.com.br
eduardo,eduardo@grangeiro.com.br
eduardo,eduardo@grangeiro.com.br
eduardo,eduardo@grangeiro.com.br
eduardo,eduardo@grangeiro.com.br
eduardo,eduardo@grangeiro.com.br
eduardo,eduardo@grangeiro.com.br
eduardo,eduardo@grangeiro.com.br
eduardo,eduardo@grangeiro.com.br
eduardo,eduardo@grangeiro.com.br
eduardo,eduardo@grangeiro.com.br
eduardo,eduardo@grangeiro.com.br
eduardo,eduardo@grangeiro.com.br
eduardo,eduardo@grangeiro.com.br
eduardo,eduardo@grangeiro.com.br
eduardo,eduardo@grangeiro.com.br
eduardo,eduardo@grangeiro.com.br
eduardo,eduardo@grangeiro.com.br
eduardo,eduardo@grangeiro.com.br
eduardo,eduardo@grangeiro.com.br
eduardo,eduardo@grangeiro.com.br
eduardo,eduardo@grangeiro.com.br
eduardo,eduardo@grangeiro.com.br
eduardo,eduardo@grangeiro.com.br
eduardo,eduardo@grangeiro.com.br
eduardo,eduardo@grangeiro.com.br
eduardo,eduardo@grangeiro.com.br
eduardo,eduardo@grangeiro.com.br
eduardo,eduardo@grangeiro.com.br
eduardo,eduardo@grangeiro.com.br
eduardo,eduardo@grangeiro.com.br
eduardo,eduardo@grangeiro.com.br
eduardo,eduardo@grangeiro.com.br
eduardo,eduardo@grangeiro.com.br
eduardo,eduardo@grangeiro.com.br
eduardo,eduardo@grangeiro.com.br
eduardo,eduardo@grangeiro.com.br
eduardo,eduardo@grangeiro.com.br
eduardo,eduardo@grangeiro.com.br
eduardo,eduardo@grangeiro.com.br
eduardo,eduardo@grangeiro.com.br
eduardo,eduardo@grangeiro.com.br
eduardo,eduardo@grangeiro.com.br
eduardo,eduardo@grangeiro.com.br
eduardo,eduardo@grangeiro.com.br
eduardo,eduardo@grangeiro.com.br
eduardo,eduardo@grangeiro.com.br
eduardo,eduardo@grangeiro.com.br
eduardo,eduardo@grangeiro.com.br
eduardo,eduardo@grangeiro.com.br
eduardo,eduardo@grangeiro.com.br
eduardo,eduardo@grangeiro.com.br
eduardo,eduardo@grangeiro.com.br
eduardo,eduardo@grangeiro.com.br
eduardo,eduardo@grangeiro.com.br
eduardo,eduardo@grangeiro.com.br
eduardo,eduardo@grangeiro.com.br
eduardo,eduardo@grangeiro.com.br
eduardo,eduardo@grangeiro.com.br
eduardo,eduardo@grangeiro.com.br
eduardo,eduardo@grangeiro.com.br
eduardo,eduardo@grangeiro.com.br
eduardo,eduardo@grangeiro.com.br
eduardo,eduardo@grangeiro.com.br
eduardo,eduardo@grangeiro.com.br
eduardo,eduardo@grangeiro.com.br
eduardo,eduardo@grangeiro.com.br
eduardo,eduardo@grangeiro.com.br
eduardo,eduardo@grangeiro.com.br
eduardo,eduardo@grangeiro.com.br
eduardo,eduardo@grangeiro.com.br
eduardo,eduardo@grangeiro.com.br
eduardo,eduardo@grangeiro.com.br
eduardo,eduardo@grangeiro.com.br
eduardo,eduardo@grangeiro.com.br
eduardo,eduardo@grangeiro.com.br
eduardo,eduardo@grangeiro.com.br
eduardo,eduardo@grangeiro.com.br
eduardo,eduardo@grangeiro.com.br
eduardo,eduardo@grangeiro.com.br
eduardo,eduardo@grangeiro.com.br
eduardo,eduardo@grangeiro.com.br
eduardo,eduardo@grangeiro.com.br
eduardo,eduardo@grangeiro.com.br
eduardo,eduardo@grangeiro.com.br
eduardo,eduardo@grangeiro.com.br
eduardo,eduardo@grangeiro.com.br
eduardo,eduardo@grangeiro.com.br
eduardo,eduardo@grangeiro.com.br
eduardo,eduardo@grangeiro.com.br
eduardo,eduardo@grangeiro.com.br
eduardo,eduardo@grangeiro.com.br
eduardo,eduardo@grangeiro.com.br
eduardo,eduardo@grangeiro.com.br
eduardo,eduardo@grangeiro.com.br
eduardo,eduardo@grangeiro.com.br
eduardo,eduardo@grangeiro.com.br
eduardo,eduardo@grangeiro.com.br
eduardo,eduardo@grangeiro.com.br
eduardo,eduardo@grangeiro.com.br
eduardo,eduardo@grangeiro.com.br
eduardo,eduardo@grangeiro.com.br
eduardo,eduardo@grangeiro.com.br
eduardo,eduardo@grangeiro.com.br
eduardo,eduardo@grangeiro.com.br
eduardo,eduardo@grangeiro.com.br
eduardo,eduardo@grangeiro.com.br
eduardo,eduardo@grangeiro.com.br
eduardo,eduardo@grangeiro.com.br
eduardo,eduardo@grangeiro.com.br
eduardo,eduardo@grangeiro.com.br
eduardo,eduardo@grangeiro.com.br
eduardo,eduardo@grangeiro.com.br
eduardo,eduardo@grangeiro.com.br
eduardo,eduardo@grangeiro.com.br
eduardo,eduardo@grangeiro.com.br
eduardo,eduardo@grangeiro.com.br
eduardo,eduardo@grangeiro.com.br
eduardo,eduardo@grangeiro.com.br
eduardo,eduardo@grangeiro.com.br
eduardo,eduardo@grangeiro.com.br
eduardo,eduardo@grangeiro.com.br
eduardo,eduardo@grangeiro.com.br
eduardo,eduardo@grangeiro.com.br
eduardo,eduardo@grangeiro.com.br
eduardo,eduardo@grangeiro.com.br
eduardo,eduardo@grangeiro.com.br
eduardo,eduardo@grangeiro.com.br
eduardo,eduardo@grangeiro.com.br
eduardo,eduardo@grangeiro.com.br
eduardo,eduardo@grangeiro.com.br
eduardo,eduardo@grangeiro.com.br
eduardo,eduardo@grangeiro.com.br
eduardo,eduardo@grangeiro.com.br
eduardo,eduardo@grangeiro.com.br
eduardo,eduardo@grangeiro.com.br
eduardo,eduardo@grangeiro.com.br
eduardo,eduardo@grangeiro.com.br
eduardo,eduardo@grangeiro.com.br
eduardo,eduardo@grangeiro.com.br
eduardo,eduardo@grangeiro.com.br
eduardo,eduardo@grangeiro.com.br
eduardo,eduardo@grangeiro.com.br
eduardo,eduardo@grangeiro.com.br
eduardo,eduardo@grangeiro.com.br
eduardo,eduardo@grangeiro.com.br
eduardo,eduardo@grangeiro.com.br
eduardo,eduardo@grangeiro.com.br
eduardo,eduardo@grangeiro.com.br
eduardo,eduardo@grangeiro.com.br
eduardo,eduardo@grangeiro.com.br
eduardo,eduardo@grangeiro.com.br
eduardo,eduardo@grangeiro.com.br
eduardo,eduardo@grangeiro.com.br
eduardo,eduardo@grangeiro.com.br
eduardo,eduardo@grangeiro.com.br
eduardo,eduardo@grangeiro.com.br
eduardo,eduardo@grangeiro.com.br
eduardo,eduardo@grangeiro.com.br
eduardo,eduardo@grangeiro.com.br
eduardo,eduardo@grangeiro.com.br
eduardo,eduardo@grangeiro.com.br
eduardo,eduardo@grangeiro.com.br
eduardo,eduardo@grangeiro.com.br
eduardo,eduardo@grangeiro.com.br
eduardo,eduardo@grangeiro.com.br
eduardo,eduardo@grangeiro.com.br
eduardo,eduardo@grangeiro.com.br
eduardo,eduardo@grangeiro.com.br
eduardo,eduardo@grangeiro.com.br
eduardo,eduardo@grangeiro.com.br
eduardo,eduardo@grangeiro.com.br
eduardo,eduardo@grangeiro.com.br
eduardo,eduardo@grangeiro.com.br
eduardo,eduardo@grangeiro.com.br
eduardo,eduardo@grangeiro.com.br
eduardo,eduardo@grangeiro.com.br
eduardo,eduardo@grangeiro.com.br
eduardo,eduardo@grangeiro.com.br
eduardo,eduardo@grangeiro.com.br
eduardo,eduardo@grangeiro.com.br
eduardo,eduardo@grangeiro.com.br
eduardo,eduardo@grangeiro.com.br
eduardo,eduardo@grangeiro.com.br
eduardo,eduardo@grangeiro.com.br
eduardo,eduardo@grangeiro.com.br
eduardo,eduardo@grangeiro.com.br
eduardo,eduardo@grangeiro.com.br